"Chr","Pos","Marker","pvalue","adjust_pvalue","signif"
"1",630051,"1:630051",8.35311320998493e-05,0.00362206921848599,"Yes"
"1",842856,"1:842856",0.000127141739092354,0.00506711160798815,"Yes"
"1",844075,"1:844075",0.00011890777019158,0.00485969240403997,"Yes"
"1",5404140,"1:5404140",0.000210920051303988,0.00731550545509211,"Yes"
"1",5534513,"1:5534513",3.36949591310788e-06,0.000283500935401033,"Yes"
"1",6707651,"1:6707651",1.70842709441492e-09,1.05657905825128e-06,"Yes"
"1",6708443,"1:6708443",2.08697053358674e-07,3.77212575458008e-05,"Yes"
"1",6803587,"1:6803587",0.000195284810080035,0.00696821460073007,"Yes"
"1",6826902,"1:6826902",3.12223951530109e-06,0.000270727700674722,"Yes"
"1",6850496,"1:6850496",0.000219847688957653,0.00758415428062785,"Yes"
"1",11115392,"1:11115392",4.21193513798014e-05,0.00210318146403499,"Yes"
"1",17859284,"1:17859284",0.000276883706704299,0.00901839748257937,"Yes"
"1",17889361,"1:17889361",6.13664800582549e-07,8.3349912382287e-05,"Yes"
"1",25824733,"1:25824733",1.94155447401498e-05,0.00115351706319603,"Yes"
"1",25862824,"1:25862824",5.34495203408226e-06,0.000402428872443353,"Yes"
"1",25877673,"1:25877673",0.000324643515869892,0.0099907679596123,"Yes"
"1",25885122,"1:25885122",0.000306856107730661,0.0096045961719697,"Yes"
"1",25910803,"1:25910803",1.9239905122005e-06,0.000188477635443275,"Yes"
"1",25918189,"1:25918189",2.38170194844804e-06,0.000221481022495896,"Yes"
"1",25948363,"1:25948363",1.44915872139517e-05,0.000886220188978719,"Yes"
"1",26046928,"1:26046928",2.4055181323367e-05,0.00135394799088933,"Yes"
"1",26079039,"1:26079039",2.28104933694463e-05,0.00129525248411551,"Yes"
"1",26084021,"1:26084021",0.000224340874161566,0.00765817595703551,"Yes"
"1",26092372,"1:26092372",0.000182099946554852,0.00663888810834779,"Yes"
"1",26140870,"1:26140870",2.82188631127153e-09,1.32326951447779e-06,"Yes"
"1",26141773,"1:26141773",1.43076839497691e-10,1.6691864375217e-07,"Yes"
"1",26151446,"1:26151446",1.0336098287433e-07,2.00974468670647e-05,"Yes"
"1",26151924,"1:26151924",4.86816385874987e-06,0.000376344257827332,"Yes"
"1",26152462,"1:26152462",6.5473573616988e-10,6.46324900174467e-07,"Yes"
"1",26232889,"1:26232889",2.16350161681415e-07,3.80331729432549e-05,"Yes"
"1",26232912,"1:26232912",1.25876812282748e-07,2.41101064481269e-05,"Yes"
"1",26232994,"1:26232994",6.78012657042011e-09,2.28972011258425e-06,"Yes"
"1",26233258,"1:26233258",1.61620681049258e-09,1.05657905825128e-06,"Yes"
"1",26233865,"1:26233865",1.75894093741175e-06,0.000179146738490516,"Yes"
"1",26235384,"1:26235384",5.69761474081449e-06,0.000417151667186992,"Yes"
"1",26237223,"1:26237223",3.28877927640199e-06,0.000279502678503753,"Yes"
"1",26237292,"1:26237292",3.89896509660104e-06,0.000318696936845103,"Yes"
"1",26238756,"1:26238756",0.00014835546699077,0.00568312151609716,"Yes"
"1",26238845,"1:26238845",5.68379385348525e-06,0.000417151667186992,"Yes"
"1",26239485,"1:26239485",1.34249488915807e-05,0.000835003919260864,"Yes"
"1",26240548,"1:26240548",2.60557924105013e-05,0.00142894864958959,"Yes"
"1",26242792,"1:26242792",4.15214161100328e-05,0.00208142317554707,"Yes"
"1",26243221,"1:26243221",1.07106596971318e-06,0.000122723121333297,"Yes"
"1",26243661,"1:26243661",7.86643231359648e-06,0.000534126591959701,"Yes"
"1",26245461,"1:26245461",2.32290342454752e-06,0.000219189850347194,"Yes"
"1",26248124,"1:26248124",0.000228221985060157,0.00770729666914999,"Yes"
"1",26255169,"1:26255169",0.000289338969254738,0.00928271748111513,"Yes"
"1",26274853,"1:26274853",0.000225493708325893,0.00765817595703551,"Yes"
"1",26329540,"1:26329540",7.17376790732096e-05,0.00323020924753157,"Yes"
"1",26368392,"1:26368392",2.94725943316543e-07,4.72777253822649e-05,"Yes"
"1",26452785,"1:26452785",3.46817066580863e-13,1.48356780514407e-09,"Yes"
"1",26457596,"1:26457596",9.64111165399989e-07,0.000113508610876863,"Yes"
"1",26600887,"1:26600887",3.86192763055694e-07,5.83060203328672e-05,"Yes"
"1",32741249,"1:32741249",3.42730500789819e-07,5.42995125510586e-05,"Yes"
"1",33482845,"1:33482845",4.63581217766856e-05,0.00228812991061618,"Yes"
"1",33925940,"1:33925940",2.1443126329393e-07,3.80331729432549e-05,"Yes"
"1",34008805,"1:34008805",3.60775293725813e-07,5.57202179319256e-05,"Yes"
"1",34033612,"1:34033612",0.000118439639479393,0.00485969240403997,"Yes"
"1",34334761,"1:34334761",7.25360579208575e-05,0.0032547385709733,"Yes"
"1",34723222,"1:34723222",0.000183725130076793,0.00666029546405503,"Yes"
"1",41214409,"1:41214409",1.66262173115561e-06,0.000174536654629561,"Yes"
"2",43507232,"2:263514",2.54174980618075e-05,0.00140946101227141,"Yes"
"2",45914249,"2:2670531",0.000160258307830403,0.0060369731361035,"Yes"
"2",46152264,"2:2908546",8.05844599716752e-05,0.00355374699249659,"Yes"
"2",46153651,"2:2909933",3.96745459609594e-05,0.00200994473644572,"Yes"
"2",46154378,"2:2910660",0.000129896394776989,0.00516086821725416,"Yes"
"2",46716937,"2:3473219",1.68647589605436e-06,0.000174536654629561,"Yes"
"2",47446481,"2:4202763",3.39023442480743e-06,0.000283500935401033,"Yes"
"2",47789859,"2:4546141",1.14350700118216e-05,0.000722887948087228,"Yes"
"2",47950436,"2:4706718",9.23070435930942e-06,0.000607475020733424,"Yes"
"2",47951610,"2:4707892",3.22660442499553e-09,1.41946478493882e-06,"Yes"
"2",47953384,"2:4709666",1.81132543298746e-09,1.05657905825128e-06,"Yes"
"2",47955208,"2:4711490",1.49720944778091e-09,1.05657905825128e-06,"Yes"
"2",47956349,"2:4712631",1.74268823458956e-10,1.86365984287399e-07,"Yes"
"2",47968418,"2:4724700",8.1022488881912e-05,0.00356082739664923,"Yes"
"2",50038023,"2:6794305",2.47702378995358e-06,0.000227675918482745,"Yes"
"2",53169240,"2:9925522",2.70759165516024e-07,4.45468252700916e-05,"Yes"
"2",53227138,"2:9983420",1.34688546159899e-05,0.000835003919260864,"Yes"
"2",53281768,"2:10038050",1.15050838933556e-10,1.56071541644728e-07,"Yes"
"2",53317739,"2:10074021",1.97176058043614e-05,0.00116071575819895,"Yes"
"2",53447035,"2:10203317",5.86870052655866e-11,1.0759004836761e-07,"Yes"
"2",53561274,"2:10317556",4.96836158337647e-06,0.000379517763092084,"Yes"
"2",55272269,"2:12028551",4.83497448764542e-06,0.000376043803636083,"Yes"
"2",55273003,"2:12029285",5.31758819667195e-05,0.00256543644089816,"Yes"
"2",55294159,"2:12050441",6.0571860323704e-05,0.00282661339466943,"Yes"
"2",55356633,"2:12112915",4.67457743210733e-05,0.00229842345541124,"Yes"
"2",55360025,"2:12116307",1.0022946152501e-05,0.000649618525126493,"Yes"
"2",55364331,"2:12120613",0.000286156452945537,0.00922674814233689,"Yes"
"2",55367411,"2:12123693",3.59836903149506e-06,0.000297921740523717,"Yes"
"2",55445034,"2:12201316",0.000195477071321034,0.00696821460073007,"Yes"
"2",55467706,"2:12223988",0.000150603427585233,0.00571802895325827,"Yes"
"2",55481579,"2:12237861",7.03173997110395e-05,0.00318863318194972,"Yes"
"2",55586722,"2:12343004",0.000264868471691007,0.00878309327444624,"Yes"
"2",55647310,"2:12403592",1.12625001334513e-08,3.1055976998183e-06,"Yes"
"2",55674106,"2:12430388",1.8452881184845e-08,4.73611648490231e-06,"Yes"
"2",55703930,"2:12460212",3.72116895026847e-05,0.00194120980239005,"Yes"
"2",56540425,"2:13296707",9.05196660513274e-09,2.71949788149883e-06,"Yes"
"2",56702910,"2:13459192",3.39396323799563e-09,1.41946478493882e-06,"Yes"
"2",56746445,"2:13502727",8.39378552765053e-05,0.0036268501574525,"Yes"
"2",57078591,"2:13834873",1.15116669439055e-08,3.1055976998183e-06,"Yes"
"2",57085600,"2:13841882",8.34185085023778e-09,2.61099931612443e-06,"Yes"
"2",57147561,"2:13903843",1.16327373818831e-06,0.000128692171398023,"Yes"
"2",57304292,"2:14060574",6.49545701305789e-09,2.25287026617762e-06,"Yes"
"2",57728306,"2:14484588",1.91795954823731e-08,4.82611272206458e-06,"Yes"
"2",57781127,"2:14537409",7.60344901685643e-07,9.66089715181372e-05,"Yes"
"2",57865412,"2:14621694",3.53953659456419e-09,1.41946478493882e-06,"Yes"
"2",57869217,"2:14625499",2.4232136070823e-09,1.29571250915363e-06,"Yes"
"2",57961673,"2:14717955",2.88720847856137e-09,1.32326951447779e-06,"Yes"
"2",58063434,"2:14819716",8.43557656799877e-06,0.000566773581660357,"Yes"
"2",58093326,"2:14849608",1.0283869378225e-09,8.79819304871743e-07,"Yes"
"2",58101362,"2:14857644",4.67903446379314e-09,1.76606027276051e-06,"Yes"
"2",58137190,"2:14893472",2.02736056014132e-08,5.0032919362103e-06,"Yes"
"2",58267962,"2:15024244",7.83241752463207e-09,2.57726702804111e-06,"Yes"
"2",58290471,"2:15046753",3.91070956124808e-08,8.84507858781517e-06,"Yes"
"2",58298891,"2:15055173",4.29861119196186e-08,9.3498436316011e-06,"Yes"
"2",58330908,"2:15087190",4.25343208058772e-08,9.3498436316011e-06,"Yes"
"2",58408526,"2:15164808",9.72130653535237e-09,2.83530742654948e-06,"Yes"
"2",58629543,"2:15385825",4.09947622333657e-09,1.59419934466903e-06,"Yes"
"2",58643562,"2:15399844",2.80238560300375e-09,1.32326951447779e-06,"Yes"
"2",58653426,"2:15409708",7.33847583742188e-10,6.72676145868821e-07,"Yes"
"2",58666148,"2:15422430",1.1616043761496e-08,3.1055976998183e-06,"Yes"
"2",58794805,"2:15551087",1.920095736355e-09,1.07132993846277e-06,"Yes"
"2",58796141,"2:15552423",1.29131000082136e-09,1.03571132753378e-06,"Yes"
"2",58837492,"2:15593774",3.96752136737857e-12,1.27288004268923e-08,"Yes"
"2",58851724,"2:15608006",9.07204444374833e-11,1.45526932933278e-07,"Yes"
"2",59031463,"2:15787745",0.000120826835297792,0.00492244691230655,"Yes"
"2",60277473,"2:17033755",1.67876163922417e-06,0.000174536654629561,"Yes"
"2",61644007,"2:18400289",0.000170288497873185,0.006315931483256,"Yes"
"2",61828519,"2:18584801",1.06464390285171e-05,0.000683128760264801,"Yes"
"2",61878856,"2:18635138",1.08967732235124e-05,0.000695712889439476,"Yes"
"2",61882059,"2:18638341",2.31423491368059e-07,3.96283053696347e-05,"Yes"
"2",62446947,"2:19203229",4.62777362185858e-05,0.00228812991061618,"Yes"
"2",62455620,"2:19211902",0.000293875757939901,0.00938136219314116,"Yes"
"2",62878282,"2:19634564",0.000133449301947387,0.00525323586469578,"Yes"
"2",70089771,"2:26846053",5.13348824172448e-07,7.40202860742138e-05,"Yes"
"2",70692987,"2:27449269",7.30907160395032e-07,9.47447635287822e-05,"Yes"
"2",70724499,"2:27480781",6.89399107880606e-06,0.000480818410403903,"Yes"
"2",73274672,"2:30030954",2.65322781792556e-05,0.00144665060655823,"Yes"
"2",73473041,"2:30229323",2.67020814594227e-06,0.000241315360118853,"Yes"
"2",74713973,"2:31470255",0.000198605681412589,0.00700194150980151,"Yes"
"2",75545178,"2:32301460",9.36820708662357e-07,0.000111662927906958,"Yes"
"2",75551781,"2:32308063",1.13900966480323e-06,0.000127982235816621,"Yes"
"2",75580124,"2:32336406",0.000222215133045827,0.00763787519767544,"Yes"
"2",75585100,"2:32341382",0.00017274926931534,0.00638873594560163,"Yes"
"2",75587073,"2:32343355",0.000192614331309143,0.00690452433991683,"Yes"
"3",80073157,"3:1099853",0.000137621256819993,0.00539206895246188,"Yes"
"3",80073327,"3:1100023",0.000160873102389042,0.0060369731361035,"Yes"
"3",80572743,"3:1599439",9.5549630590503e-05,0.00403351450449975,"Yes"
"3",80966883,"3:1993579",3.85165802548557e-05,0.00197713309764225,"Yes"
"3",82378925,"3:3405621",5.96962208661339e-05,0.00279591825684342,"Yes"
"3",82474559,"3:3501255",4.10607113553852e-06,0.000331403842027458,"Yes"
"3",82515647,"3:3542343",1.93502645424408e-05,0.00115351706319603,"Yes"
"3",82641049,"3:3667745",7.88133091614516e-07,9.81952617930979e-05,"Yes"
"3",83578543,"3:4605239",0.000233716361147137,0.00787213139790343,"Yes"
"3",86453709,"3:7480405",2.25294151524821e-06,0.000214162951593928,"Yes"
"3",86913680,"3:7940376",1.95399711020932e-05,0.00115555967351688,"Yes"
"3",86913960,"3:7940656",3.92672297164237e-05,0.00199966809107486,"Yes"
"3",86926360,"3:7953056",4.81454238104918e-06,0.000376043803636083,"Yes"
"3",86943951,"3:7970647",4.74896626269195e-08,1.0157247341521e-05,"Yes"
"3",86947379,"3:7974075",1.73238077164708e-09,1.05657905825128e-06,"Yes"
"3",87036911,"3:8063607",1.47001222827125e-08,3.84993202559284e-06,"Yes"
"3",87109367,"3:8136063",1.4712267728117e-07,2.77650781992538e-05,"Yes"
"3",87142281,"3:8168977",9.74452057360127e-07,0.000113683120473659,"Yes"
"3",87146682,"3:8173378",2.31600008004567e-07,3.96283053696347e-05,"Yes"
"3",87149450,"3:8176146",3.91330996959488e-05,0.00199966809107486,"Yes"
"3",87463739,"3:8490435",1.82076257322858e-06,0.000182545672673769,"Yes"
"3",87470073,"3:8496769",7.48513455832343e-06,0.000516434041865401,"Yes"
"3",88190601,"3:9217297",0.000181107584978661,0.00662152033627111,"Yes"
"3",88194741,"3:9221437",0.000181107584978661,0.00662152033627111,"Yes"
"3",88424471,"3:9451167",8.92919333692955e-05,0.00379431583088798,"Yes"
"3",88516118,"3:9542814",8.86704922483891e-05,0.00378042666785242,"Yes"
"3",89127489,"3:10154185",0.000118677730626354,0.00485969240403997,"Yes"
"3",89177162,"3:10203858",3.64723627077203e-07,5.57202179319256e-05,"Yes"
"3",89203734,"3:10230430",8.14623834094165e-09,2.61099931612443e-06,"Yes"
"3",89225484,"3:10252180",6.3266295374944e-09,2.25287026617762e-06,"Yes"
"3",89231801,"3:10258497",7.78521978924871e-06,0.000531424072103344,"Yes"
"3",89456165,"3:10482861",6.01662732665795e-06,0.000431439942151117,"Yes"
"3",89845333,"3:10872029",2.17677513205891e-05,0.00124476833489228,"Yes"
"3",89871138,"3:10897834",3.22489615634e-06,0.000277752297814169,"Yes"
"3",89905035,"3:10931731",2.03052569199985e-05,0.00118444255479246,"Yes"
"3",89927258,"3:10953954",3.987927057121e-05,0.00200994473644572,"Yes"
"3",89940041,"3:10966737",0.000138140595086364,0.00539206895246188,"Yes"
"3",89950073,"3:10976769",8.70668263447809e-06,0.00057733299881676,"Yes"
"3",89987862,"3:11014558",2.48380180687169e-06,0.000227675918482745,"Yes"
"3",89989558,"3:11016254",3.60567189287659e-07,5.57202179319256e-05,"Yes"
"3",89992527,"3:11019223",3.09158312879914e-06,0.00026989310402639,"Yes"
"3",89998892,"3:11025588",1.6646774159799e-05,0.00100294860466057,"Yes"
"3",90004254,"3:11030950",1.6646774159799e-05,0.00100294860466057,"Yes"
"3",90010254,"3:11036950",8.49530714489322e-07,0.000103828834848014,"Yes"
"3",90012443,"3:11039139",0.000240797649587788,0.00806829304741536,"Yes"
"3",90013136,"3:11039832",2.5540924043168e-05,0.00140946101227141,"Yes"
"3",90015260,"3:11041956",6.66508564208753e-06,0.000469961780466535,"Yes"
"3",90043544,"3:11070240",1.21617347186728e-10,1.56071541644728e-07,"Yes"
"3",90097324,"3:11124020",0.000149213118944745,0.00569202263071007,"Yes"
"3",90108850,"3:11135546",9.11232049438554e-09,2.71949788149883e-06,"Yes"
"3",91313439,"3:12340135",4.54055450747892e-06,0.000359684790089364,"Yes"
"3",91342431,"3:12369127",1.09016543895406e-06,0.000123806133434491,"Yes"
"3",91356198,"3:12382894",2.93118575114346e-07,4.72777253822649e-05,"Yes"
"3",91359027,"3:12385723",1.70235962340158e-06,0.0001747710483769,"Yes"
"3",91458496,"3:12485192",3.75887998058632e-05,0.00195294359477183,"Yes"
"3",91475573,"3:12502269",0.000210208020733058,0.00731056783216079,"Yes"
"3",91504290,"3:12530986",4.039519228657e-06,0.000328095887730097,"Yes"
"3",91508831,"3:12535527",3.85815282294236e-08,8.84507858781517e-06,"Yes"
"3",92024210,"3:13050906",1.343220418178e-13,8.61877381323916e-10,"Yes"
"3",92589349,"3:13616045",8.61447987893067e-08,1.70076338902027e-05,"Yes"
"3",92597468,"3:13624164",1.63444281320149e-07,3.03982675678474e-05,"Yes"
"3",92680267,"3:13706963",3.58195773499851e-05,0.00187621484135656,"Yes"
"3",94156330,"3:15183026",4.51602910100779e-05,0.00224628687803228,"Yes"
"3",94370074,"3:15396770",0.000246115274022536,0.00822499299877917,"Yes"
"3",94637133,"3:15663829",5.71513811582286e-06,0.000417151667186992,"Yes"
"3",94637931,"3:15664627",6.49707341674751e-07,8.58124383870214e-05,"Yes"
"3",94638035,"3:15664731",2.1353462933929e-06,0.00020449924614262,"Yes"
"3",97416821,"3:18443517",2.90621157106577e-05,0.00155969968340111,"Yes"
"3",99971345,"3:20998041",5.60707807215812e-05,0.00267493059107826,"Yes"
"3",102807454,"3:23834150",0.000252315464471913,0.0084007667648099,"Yes"
"3",102987709,"3:24014405",0.000295373131961277,0.00940576526664781,"Yes"
"3",103170112,"3:24196808",2.55906191739451e-05,0.00140946101227141,"Yes"
"3",103688948,"3:24715644",0.000111017617948307,0.00462561393224226,"Yes"
"3",105165817,"3:26192513",6.49898198406925e-07,8.58124383870214e-05,"Yes"
"3",105176085,"3:26202781",3.79728746179918e-05,0.00195705180711923,"Yes"
"3",105181982,"3:26208678",1.25868068255552e-05,0.000791796529374263,"Yes"
"3",105252270,"3:26278966",8.20086699503118e-06,0.000553903821827553,"Yes"
"3",105831555,"3:26858251",8.141161363754e-05,0.0035657175351896,"Yes"
"3",106962575,"3:27989271",0.000131480621112467,0.00520768768745768,"Yes"
"3",107504400,"3:28531096",2.91691673043145e-05,0.00155969968340111,"Yes"
"3",108357096,"3:29383792",1.04112962427618e-06,0.000120367715930956,"Yes"
"3",109123238,"3:30149934",6.68238389186609e-05,0.00304283533221676,"Yes"
"3",109127532,"3:30154228",4.00374597726193e-07,5.97442699141888e-05,"Yes"
"3",109236744,"3:30263440",9.39733204546987e-07,0.000111662927906958,"Yes"
"3",109277810,"3:30304506",3.03776811149651e-05,0.00160426659155699,"Yes"
"3",109408075,"3:30434771",0.000111701286273637,0.0046390375622964,"Yes"
"3",109528517,"3:30555213",1.60630193615211e-06,0.000172260219721372,"Yes"
"3",112316716,"3:33343412",5.45591145903113e-05,0.00261358319729359,"Yes"
"3",112449746,"3:33476442",6.80632693177381e-06,0.000477298325221056,"Yes"
"4",126173095,"4:10872585",0.000222595287456605,0.00763787519767544,"Yes"
"4",135657726,"4:20357216",0.000297526577062398,0.00942755200849815,"Yes"
"4",140252159,"4:24951649",5.0130102823826e-06,0.000380662490850981,"Yes"
"4",141470032,"4:26169522",0.000124362277980442,0.00500295019850474,"Yes"
"4",141791851,"4:26491341",9.87141419372836e-06,0.000643044966234092,"Yes"
"4",142398743,"4:27098233",0.00025268417137198,0.0084007667648099,"Yes"
"4",142862040,"4:27561530",1.67114896224656e-06,0.000174536654629561,"Yes"
"4",142868606,"4:27568096",5.31481035841989e-07,7.49505069556071e-05,"Yes"
"4",143055565,"4:27755055",0.000269041202726271,0.00883019374574485,"Yes"
"4",144016388,"4:28715878",0.000271321654622732,0.00885972212156113,"Yes"
"4",144680565,"4:29380055",2.03006627233051e-07,3.72169149611678e-05,"Yes"
"4",145101604,"4:29801094",0.000121475176953096,0.00493003909931574,"Yes"
"4",149088408,"4:33787898",0.000164405588744685,0.00613318872197831,"Yes"
"4",149190427,"4:33889917",8.3544961324075e-05,0.00362206921848599,"Yes"
"5",153103687,"5:2344632",8.47840159022241e-05,0.0036511183760847,"Yes"
"5",156071282,"5:5312227",0.000204271552564643,0.00714282516093204,"Yes"
"5",157143961,"5:6384906",8.62540522384031e-05,0.00368966084125142,"Yes"
"5",161686245,"5:10927190",0.000292042624939083,0.00934609228389838,"Yes"
"5",162245507,"5:11486452",0.000174657646391036,0.0064407516555637,"Yes"
"5",163047216,"5:12288161",4.05767649002487e-07,5.98530602258495e-05,"Yes"
"5",163325387,"5:12566332",3.73217059337084e-06,0.000307018879645693,"Yes"
"5",163615683,"5:12856628",5.59446026910823e-07,7.80366398189846e-05,"Yes"
"5",163829810,"5:13070755",0.000266319963733604,0.00880846416132304,"Yes"
"5",164212700,"5:13453645",2.41356595251375e-08,5.73579479048314e-06,"Yes"
"5",164280996,"5:13521941",1.44117563792656e-05,0.000886220188978719,"Yes"
"5",164776443,"5:14017388",2.66932538725642e-05,0.00144665060655823,"Yes"
"5",164932356,"5:14173301",2.06559786118985e-05,0.00119944874898866,"Yes"
"5",164957233,"5:14198178",0.000268305023596128,0.00882861119951054,"Yes"
"5",165129401,"5:14370346",2.77081793567081e-05,0.00149402968775057,"Yes"
"5",165836202,"5:15077147",0.000306828119020393,0.0096045961719697,"Yes"
"5",165912331,"5:15153276",6.40076559352411e-08,1.30382579145548e-05,"Yes"
"5",166348341,"5:15589286",2.41289007127982e-08,5.73579479048314e-06,"Yes"
"5",166454848,"5:15695793",6.01320137255066e-09,2.20478323468408e-06,"Yes"
"5",166519164,"5:15760109",6.01790303475804e-06,0.000431439942151117,"Yes"
"5",166522192,"5:15763137",1.79245994573006e-06,0.000181123137665779,"Yes"
"5",166660242,"5:15901187",8.72770215619508e-06,0.00057733299881676,"Yes"
"5",167179723,"5:16420668",5.79004227417369e-07,7.98963575316892e-05,"Yes"
"5",167893966,"5:17134911",0.000296630456555654,0.00942242239846214,"Yes"
"5",168558448,"5:17799393",0.000314977532615736,0.00978718323500662,"Yes"
"5",171895317,"5:21136262",0.000190151373075268,0.0068353293296216,"Yes"
"5",172471031,"5:21711976",4.32521213936654e-06,0.000344754331580688,"Yes"
"5",173173698,"5:22414643",6.68650793801236e-05,0.00304283533221676,"Yes"
"5",173195505,"5:22436450",1.6348467201914e-05,0.000994312225602666,"Yes"
"5",173213209,"5:22454154",0.000236332415536802,0.00793940808529784,"Yes"
"5",173291156,"5:22532101",5.64927046717965e-05,0.00268507732982654,"Yes"
"5",173307068,"5:22548013",0.00030434267422267,0.00959614137174332,"Yes"
"5",173324637,"5:22565582",0.000226170707372903,0.00765817595703551,"Yes"
"5",173350655,"5:22591600",0.000141992882314959,0.00552180199620568,"Yes"
"5",173364908,"5:22605853",5.76069007360644e-05,0.00271790204833057,"Yes"
"5",173375707,"5:22616652",0.000203629165568317,0.00713981716321917,"Yes"
"5",173396311,"5:22637256",6.68350759181447e-05,0.00304283533221676,"Yes"
"5",173423095,"5:22664040",0.000168601176593428,0.00627147507021293,"Yes"
"5",175488096,"5:24729041",0.000178194923481386,0.00655236519494736,"Yes"
"5",176308652,"5:25549597",1.38482439899076e-09,1.0453795007205e-06,"Yes"
"5",178830062,"5:28071007",0.000314900188298266,0.00978718323500662,"Yes"
"5",180329697,"5:29570642",2.28805202967365e-11,4.89376194946699e-08,"Yes"
"5",180333921,"5:29574866",0.000142454719243666,0.00552302541406033,"Yes"
"6",182100525,"6:1561326",0.00014947491830042,0.00569202263071007,"Yes"
"6",182114768,"6:1575569",5.39373225748124e-06,0.000402428872443353,"Yes"
"6",182114859,"6:1575660",5.39373225748124e-06,0.000402428872443353,"Yes"
"6",186218660,"6:5679461",0.000267930277935844,0.00882861119951054,"Yes"
"6",186492130,"6:5952931",0.000283065019246326,0.00919638833414709,"Yes"
"6",186893360,"6:6354161",5.45811810858476e-05,0.00261358319729359,"Yes"
"6",189568112,"6:9028913",0.000287374634789933,0.00924280372997295,"Yes"
"6",189854969,"6:9315770",0.000283826805065748,0.00919785199345641,"Yes"
"6",189867796,"6:9328597",2.15588323161977e-05,0.00124064796015141,"Yes"
"6",189867919,"6:9328720",2.37946400316207e-05,0.00134518332830744,"Yes"
"6",193394756,"6:12855557",0.000183219032478082,0.00666029546405503,"Yes"
"6",193657338,"6:13118139",5.75641415341659e-05,0.00271790204833057,"Yes"
"6",198254866,"6:17715667",0.000269885745049958,0.00883531573016867,"Yes"
"6",198264474,"6:17725275",1.87461376977652e-06,0.000185053219288785,"Yes"
"6",204228028,"6:23688829",0.000121781531557944,0.00493003909931574,"Yes"
"6",204841817,"6:24302618",0.000322031884758882,0.00993421917574696,"Yes"
"6",207669583,"6:27130384",0.000101886103697748,0.00427289009396473,"Yes"
"7",214527505,"7:2760597",1.45021615900827e-05,0.000886220188978719,"Yes"
"7",214571227,"7:2804319",6.17021871449954e-07,8.3349912382287e-05,"Yes"
"7",214576429,"7:2809521",5.09867261104931e-08,1.07264369864911e-05,"Yes"
"7",214583781,"7:2816873",6.18994366104394e-08,1.28121850003511e-05,"Yes"
"7",214636222,"7:2869314",5.22760470583684e-07,7.45398346555602e-05,"Yes"
"7",214708414,"7:2941506",2.35379014995846e-06,0.000220483131346109,"Yes"
"7",219961893,"7:8194985",7.15440448626444e-05,0.00323020924753157,"Yes"
"7",219964153,"7:8197245",0.000224599784427393,0.00765817595703551,"Yes"
"7",219965105,"7:8198197",6.12543921494942e-05,0.00283782532294029,"Yes"
"7",220060995,"7:8294087",7.88406406946091e-05,0.00350090637381979,"Yes"
"7",233437234,"7:21670326",8.55812425179051e-06,0.000572012544391811,"Yes"
"7",233439525,"7:21672617",2.49347793368672e-05,0.00139125227491312,"Yes"
"7",233439985,"7:21673077",0.000101639199444089,0.00427289009396473,"Yes"
"7",233442738,"7:21675830",6.25483520523986e-05,0.00288734892765623,"Yes"
"7",233444264,"7:21677356",0.000132890564429662,0.00524733727177184,"Yes"
"7",234299344,"7:22532436",2.67167609876334e-05,0.00144665060655823,"Yes"
"7",235468286,"7:23701378",1.61078675029725e-06,0.000172260219721372,"Yes"
"7",235517557,"7:23750649",1.22200352830566e-06,0.000134033942553389,"Yes"
"7",235908264,"7:24141356",0.000118902210874101,0.00485969240403997,"Yes"
"7",236081313,"7:24314405",3.50363466252637e-05,0.00184271080427053,"Yes"
"7",240552729,"7:28785821",0.000160885592811299,0.0060369731361035,"Yes"
"8",250745636,"8:9303927",0.000308269416998087,0.00962535627332469,"Yes"
"8",250746898,"8:9305189",0.000207526190034106,0.00723691194757522,"Yes"
"8",250762624,"8:9320915",2.82105346790674e-06,0.000251406799678105,"Yes"
"8",251231743,"8:9790034",4.82185632244474e-05,0.00236178939640967,"Yes"
"8",251799342,"8:10357633",0.000125924817868119,0.00504997871156743,"Yes"
"8",253157481,"8:11715772",2.80159881621778e-06,0.000251406799678105,"Yes"
"8",262427924,"8:20986215",7.63654299207552e-05,0.00340276931310087,"Yes"
"8",262468702,"8:21026993",0.000225639888233755,0.00765817595703551,"Yes"
"8",262497765,"8:21056056",8.3441794006432e-05,0.00362206921848599,"Yes"
"8",262500500,"8:21058791",0.000138236630979503,0.00539206895246188,"Yes"
"8",262714742,"8:21273033",9.27910044489622e-05,0.00392998996730539,"Yes"
"8",262939299,"8:21497590",3.92869539083195e-08,8.84507858781517e-06,"Yes"
"8",262941223,"8:21499514",7.87030208098559e-07,9.81952617930979e-05,"Yes"
"8",265090522,"8:23648813",5.81083986317334e-06,0.000421302304881941,"Yes"
"8",265196614,"8:23754905",6.58357882759874e-06,0.00046677937621312,"Yes"
"8",266400939,"8:24959230",1.32884644028057e-05,0.000831857871615636,"Yes"
"8",266743221,"8:25301512",2.39712122371397e-07,3.99509826804173e-05,"Yes"
"8",266750400,"8:25308691",4.30587584318291e-06,0.000344754331580688,"Yes"
"8",266757739,"8:25316030",3.40209959103554e-06,0.000283500935401033,"Yes"
"8",266759617,"8:25317908",7.42038734192925e-07,9.52258307589781e-05,"Yes"
"8",267079726,"8:25638017",4.87565223272018e-05,0.00237905874914441,"Yes"
"8",267107184,"8:25665475",0.000286030247811064,0.00922674814233689,"Yes"
"8",269032627,"8:27590918",2.42401416201801e-05,0.0013584006000514,"Yes"
"8",269032875,"8:27591166",0.00018791474013702,0.00677390410162466,"Yes"
"8",269369476,"8:27927767",3.48476153857337e-09,1.41946478493882e-06,"Yes"
"8",269370773,"8:27929064",2.72156108314266e-09,1.32326951447779e-06,"Yes"
"8",269374472,"8:27932763",0.00012709445965193,0.00506711160798815,"Yes"
"8",269457047,"8:28015338",0.000143392868803519,0.00554265266673361,"Yes"
"9",270831684,"9:974404",5.84743214473613e-05,0.00274872149133329,"Yes"
"9",271010954,"9:1153674",0.00014702496601321,0.00564901613427402,"Yes"
"9",271143944,"9:1286664",4.94550993052815e-06,0.000379517763092084,"Yes"
"9",271188300,"9:1331020",2.18244272851838e-05,0.00124476833489228,"Yes"
"9",271223466,"9:1366186",5.72108574962289e-06,0.000417151667186992,"Yes"
"9",271326031,"9:1468751",0.000301908528985361,0.00954283781396339,"Yes"
"9",271878872,"9:2021592",7.55674498685324e-08,1.5152454440045e-05,"Yes"
"9",272362008,"9:2504728",0.000215727345327703,0.00746207283717092,"Yes"
"9",274081801,"9:4224521",0.000164217417494711,0.00613318872197831,"Yes"
"9",274194770,"9:4337490",1.14688359065779e-06,0.000127982235816621,"Yes"
"9",274201968,"9:4344688",8.42250323379835e-07,0.000103828834848014,"Yes"
"9",281788829,"9:11931549",8.83842630856342e-07,0.000107003325299806,"Yes"
"9",284871261,"9:15013981",1.04257895314308e-05,0.000672332447521864,"Yes"
"9",284879950,"9:15022670",0.000306016021759551,0.0096045961719697,"Yes"
"9",286032130,"9:16174850",2.88649309080157e-06,0.00025546459196039,"Yes"
"9",287033414,"9:17176134",0.000117461602389542,0.00485969240403997,"Yes"
"9",287035475,"9:17178195",3.79464874827025e-05,0.00195705180711923,"Yes"
"9",287409478,"9:17552198",2.51986028522427e-06,0.00022934302865449,"Yes"
"9",288088580,"9:18231300",6.31943787553851e-06,0.000450540812537698,"Yes"
"9",288132955,"9:18275675",1.0744621633905e-08,3.06412732062005e-06,"Yes"
"9",289710220,"9:19852940",7.21208588928106e-06,0.000500284855227804,"Yes"
"9",289843952,"9:19986672",0.000198319230023942,0.00700194150980151,"Yes"
"10",293759174,"10:1005281",4.1218206172553e-07,6.01083227059515e-05,"Yes"
"10",295656327,"10:2902434",8.51669349879662e-05,0.00365534206254371,"Yes"
"10",295659188,"10:2905295",6.64160362602245e-05,0.00304283533221676,"Yes"
"10",295663592,"10:2909699",0.000197699345006553,0.00700194150980151,"Yes"
"10",295666772,"10:2912879",0.000158094730717819,0.00598474831652441,"Yes"
"10",300249198,"10:7495305",7.54438162489084e-05,0.00337341635512976,"Yes"
"10",300386805,"10:7632912",3.01658744765677e-05,0.00159966391387518,"Yes"
"10",306198326,"10:13444433",6.08768192248499e-05,0.00283055152576992,"Yes"
"10",309570713,"10:16816820",2.12140417448162e-05,0.00122630539509561,"Yes"
"10",310147370,"10:17393477",0.000105345882516216,0.00440359514765667,"Yes"
"10",310165059,"10:17411166",3.01582748546072e-05,0.00159966391387518,"Yes"
"10",310299930,"10:17546037",7.9151201616341e-05,0.00350257713911208,"Yes"
"10",310308200,"10:17554307",0.000124253949877971,0.00500295019850474,"Yes"
"10",312267892,"10:19513999",0.000202521224321997,0.00712042430609367,"Yes"
"10",314649457,"10:21895564",4.80416820576426e-06,0.000376043803636083,"Yes"
"10",314831297,"10:22077404",1.14184851861868e-05,0.000722887948087228,"Yes"
"10",314840397,"10:22086504",0.000185384984364381,0.0067015366319665,"Yes"
"10",314982755,"10:22228862",5.24428114069016e-05,0.00253961735390479,"Yes"
"10",315094551,"10:22340658",0.000320058545251802,0.00989713568967803,"Yes"
"10",315142538,"10:22388645",1.30797586818064e-06,0.000142247917935272,"Yes"
"11",318468221,"11:2528476",1.94162002404329e-11,4.89376194946699e-08,"Yes"
"11",318486472,"11:2546727",8.70296887397847e-16,1.11685199559766e-11,"Yes"
"11",318503957,"11:2564212",1.97716403013444e-06,0.000192219287869056,"Yes"
"11",318504532,"11:2564787",2.37240091334477e-07,3.99509826804173e-05,"Yes"
"11",323726065,"11:7786320",0.000196582189979407,0.00698819735181641,"Yes"
"11",326844625,"11:10904880",0.000316571011746743,0.00981293669986946,"Yes"
"11",332454579,"11:16514834",0.000146791003245563,0.00564901613427402,"Yes"
"12",348679773,"12:5066071",6.55312005137387e-07,8.58124383870214e-05,"Yes"
"12",348681079,"12:5067377",9.4945536555033e-06,0.00062165105643405,"Yes"
"12",348693879,"12:5080177",5.15676386996467e-05,0.00250669510391124,"Yes"
"12",348707142,"12:5093440",2.0108357252675e-05,0.0011783130074136,"Yes"
"12",348709287,"12:5095585",7.61778245878012e-06,0.00052277541333436,"Yes"
"12",348711259,"12:5097557",1.8486948472295e-05,0.00110861219506991,"Yes"
"12",363103510,"12:19489808",3.25434362722557e-06,0.000278419945121238,"Yes"
"12",363107051,"12:19493349",1.83745070629731e-06,0.00018279073576677,"Yes"
"12",363134439,"12:19520737",3.99389003189946e-05,0.00200994473644572,"Yes"
"12",369412523,"12:25798821",2.10334613285113e-06,0.000202949179871267,"Yes"
"12",369416355,"12:25802653",3.06004370262764e-06,0.000268969457779592,"Yes"
